{"customtarget":"player","debug":false,"interrupt":"all","hotkeys":{"interrupt":"F4","primary":"F1","gui":"F10","generic":"F3","cd":"Left Control","follow":"F5","aoe":"Left Shift","custom":"Left Alt","pause":"None","secondary":"F2"},"profiles":{"enabled":false,"primaryidx":1,"interrupt":false,"primary":"A1 Frost Mage PvE","secondaryidx":1,"generic":"None","useEngine":true,"active":"A1 Frost Mage PvE","genericenabled":false,"delay":0,"secondary":"None"},"locale":"ruRU","ui":{"iconPos":232.38243664315229,"main":{"y":180,"x":300,"point":"CENTER","relativePoint":"CENTER"},"icon":{"y":-6.6299999999999999,"x":75.700000000000003}},"build":30300,"interrupts":{"whitelisted":[],"blacklisted":[]},"combat":{"melee":false,"spellqueueenabled":false,"ended":0,"cd":false,"spellqueuems":0.29999999999999999,"time":0,"currentcastend":0,"aoe":false,"casting":false,"queued":true,"counter":0},"units":{"offTank":"","mainTank":"","offTankEnabled":false,"follow":"","mainTankEnabled":false,"followEnabled":false},"icon":true,"latency":225}